inchikey2D	inchi	molecularFormula	rank	score	name	smiles	xlogp	pubchemids	links
PBZQCWBKNXYKSC	InChI=1S/C37H38N2O13/c1-2-15-51-29-19-31-27(17-23(29)21-39(13-9-34(45)46)14-10-35(47)48)36(24-5-3-4-6-25(24)37(49)50)26-16-22(28(40)18-30(26)52-31)20-38(11-7-32(41)42)12-8-33(43)44/h2-6,16-19H,1,7-15,20-21H2,(H,41,42)(H,43,44)(H,45,46)(H,47,48)(H,49,50)	C37H38N2O13	1	-361.7270919131687	""	C=CCOC1=CC2=C(C=C1CN(CCC(=O)O)CCC(=O)O)C(=C3C=C(CN(CCC(=O)O)CCC(=O)O)C(=O)C=C3O2)C4=C(C=CC=C4)C(=O)O	1.69200003	""	PubChem:(102497306)
GQBHQPXLVLYPNB	InChI=1S/C37H38N2O13/c1-14-6-24-20(9-18(14)36(47)38-15(2)37(48)49)19-10-22-23(33(45)30-25(32(22)44)7-17(50-5)8-26(30)40)11-21(19)34(46)35(24)52-29-12-27(41)31(16(3)51-29)39(4)13-28(42)43/h6-11,15-16,27,29,31,34-35,40-41,46H,12-13H2,1-5H3,(H,38,47)(H,42,43)(H,48,49)	C37H38N2O13	2	-407.8088161489527	""	CC1=C(C=C2C3=CC4=C(C=C3C(C(C2=C1)OC5CC(C(C(C)O5)N(C)CC(=O)O)O)O)C(=O)C6=C(C=C(C=C6C4=O)OC)O)C(=NC(C)C(=O)O)O	2.57200003	""	PubChem:(9940083)
FOPIJCGGMAEYRQ	InChI=1S/C37H38N2O13/c1-23(16-33(45)50-21-48-24(2)40)39(18-26-10-6-4-7-11-26)19-30(42)28-14-15-31(47-20-27-12-8-5-9-13-27)35-34(28)29(17-32(43)44)36(38-35)52-37(46)51-22-49-25(3)41/h4-15,23,38H,16-22H2,1-3H3,(H,43,44)	C37H38N2O13	3	-473.54077600733456	""	CC(CC(=O)OCOC(=O)C)N(CC1=CC=CC=C1)CC(=O)C2=CC=C(C3=C2C(=C(N3)OC(=O)OCOC(=O)C)CC(=O)O)OCC4=CC=CC=C4	5.82800007	""	PubChem:(70477909)
