inchikey2D	inchi	molecularFormula	rank	score	name	smiles	xlogp	pubchemids	links
GGYYHDBJFNPDKW	InChI=1S/C8H20N4O6P2/c9-1-3-11(7-19(13,14)15)5-6-12(4-2-10)8-20(16,17)18/h1-8H2,(H2,13,14,15)(H2,16,17,18)	C8H20N4O6P2	1	-3070.436368628567	""	C(CN(CCN(CC[N])CP(=O)(O)O)CP(=O)(O)O)[N]	-5.40600014	""	PubChem:(90477636)
GKNGSEIGEBHDQH	InChI=1S/C9H16N2O10/c12-7(13)5-6(8(14)15)10-9(16)20-3-1-19-2-4-21-11(17)18/h6,17-18H,1-5H2,(H,10,16)(H,12,13)(H,14,15)	C9H16N2O10	2	-3115.768133868562	""	C(COC(=NC(CC(=O)O)C(=O)O)O)OCCON(O)O	-2.52399993	""	PubChem:(89081315)
OJRNDGPWFPDOTG	InChI=1S/C9H16N2O10/c12-4-8-7(19-9(13)20-8)3-1-2-6(21-11(16)17)5-18-10(14)15/h6,12,14-17H,1-5H2	C9H16N2O10	3	-3166.394372256881	""	C(CC(CON(O)O)ON(O)O)CC1=C(CO)OC(=O)O1	-2.3440001	""	PubChem:(89101868 89101883)
