inchikey2D	inchi	molecularFormula	rank	score	name	smiles	xlogp	pubchemids	links
IGICLOARQBCXNJ	InChI=1S/C27H27N3O15P2/c31-21-10-12-29(27(35)30(21)14-18-17-8-4-5-9-19(17)43-28-18)25-24(33)23(32)20(41-25)15-40-46(36,37)45-47(38)39-13-11-22(44-47)42-26(34)16-6-2-1-3-7-16/h1-10,12,20,22-25,32-33H,11,13-15H2,(H,36,37)	C27H27N3O15P2	1	-3058.365708125384	""	C1=CC=C(C=C1)C(=O)OC2CCOP(=O)(O2)OP(=O)(O)OCC3C(C(C(N4C=CC(=O)N(CC5=NOC6=C5C=CC=C6)C4=O)O3)O)O	0.418000013	""	PubChem:(73671073 89818506 89821067)
