inchikey2D	inchi	molecularFormula	rank	score	name	smiles	xlogp	pubchemids	links
BPJRMQVEUGXGQS	InChI=1S/C11H11N7O10/c12-8-3-9(14-1-13-8)16(2-15-3)10-7(28-18(24)25)6(27-17(22)23)5(26-10)4(19)11(20)21/h1-2,4-7,10,19H,(H,20,21)(H2,12,13,14)	C11H11N7O10	1	-3063.0589651434107	""	C1=NC2=C(C(=N1)N)N=CN2C3C(C(C(C(C(=O)O)O)O3)ON(=O)=O)ON(=O)=O	-0.885999978	""	PubChem:(22804564)
CPKIOAFPNALBMS	InChI=1S/C14H17N3O7P2/c18-14(25(19,20)21,26(22,23)24)9-5-4-8-13-11-17(16-15-13)10-12-6-2-1-3-7-12/h1-9,11,18H,10H2,(H2,19,20,21)(H2,22,23,24)	C14H17N3O7P2	2	-3121.448990946486	[(2E,4E)-5-(1-benzyltriazol-4-yl)-1-hydroxy-1-phosphonopenta-2,4-dienyl]phosphonic acid	C1=CC=C(C=C1)CN2C=C(C=CC=CC(O)(P(=O)(O)O)P(=O)(O)O)N=N2	-2.23399997	""	PubChem:(21284784 53733321)
MIPFWRRQHHNDBZ	InChI=1S/C22H11NO7/c23-13-7-12-16(18-17(13)19(26)20(18)27)21(28)30-22(12)10-3-1-8(24)5-14(10)29-15-6-9(25)2-4-11(15)22/h1-7,24-25H,23H2	C22H11NO7	3	-3157.10597189687	""	C1=C(C=C2C(=C1)C3(C4=CC=C(C=C4O2)O)C5=C(C6=C(C(=C5)N)C(=O)C6=O)C(=O)O3)O	2.16400003	""	PubChem:(20089772)
ZXEDHMGCZJLEJK	InChI=1S/C14H15N3O6P2/c18-24(19,20)14(25(21,22)23)16-12-3-1-2-9(7-12)10-4-5-13-11(6-10)8-15-17-13/h1-8,14,16H,(H,15,17)(H2,18,19,20)(H2,21,22,23)	C14H15N3O6P2	4	-3192.786587898245	""	C1=CC(=CC(=C1)NC(P(=O)(O)O)P(=O)(O)O)C2=CC3=CNN=C3C=C2	0.312999994	""	PubChem:(57384255)
XABQFIHRFKQCQS	InChI=1S/C22H11NO7/c24-15-9-5-1-2-6-10(9)16(25)21(15)13-14(20(29)30-19(13)28)22(23-21)17(26)11-7-3-4-8-12(11)18(22)27/h1-8,13-14,23H	C22H11NO7	5	-3237.9198213179075	""	C1=CC2=C(C=C1)C(=O)C3(C4C(C(=O)OC4=O)C5(C(=O)C6=C(C=CC=C6)C5=O)N3)C2=O	1.73300004	""	PubChem:(23253780)
BIBVNTBSGFGJTI	InChI=1S/C14H15N3O6P2/c1-25-14(24)12(21)17(13(22)16-14)5-4-15-10(18)8-6-2-3-7(23-6)9(8)11(19)20/h2-3,25H,4-5,24H2,1H3,(H,15,18)(H,16,22)(H,19,20)	C14H15N3O6P2	6	-3256.529453350175	""	CPC1(C(=O)N(CCN=C(C2=C(C3=CC=C2O3)C(=O)O)O)C(=N1)O)P	-0.495000005	""	PubChem:(90783241)
